date,home_team,away_team,home_score,away_score,tournament,city,country,neutral,home_result,goal_diff,is_world_cup,is_competitive,year,round
1990-06-08,Argentina,Cameroon,0,1,FIFA World Cup,Milan,Italy,True,L,-1,True,True,1990,Group stage
1990-06-09,Italy,Austria,1,0,FIFA World Cup,Rome,Italy,False,W,1,True,True,1990,Group stage
1990-06-09,Russia,Romania,0,2,FIFA World Cup,Bari,Italy,True,L,-2,True,True,1990,Group stage
1990-06-09,United Arab Emirates,Colombia,0,2,FIFA World Cup,Bologna,Italy,True,L,-2,True,True,1990,Group stage
1990-06-10,Brazil,Sweden,2,1,FIFA World Cup,Turin,Italy,True,W,1,True,True,1990,Group stage
1990-06-10,Germany,Yugoslavia,4,1,FIFA World Cup,Milan,Italy,True,W,3,True,True,1990,Group stage
1990-06-10,United States,Czechoslovakia,1,5,FIFA World Cup,Florence,Italy,True,L,-4,True,True,1990,Group stage
1990-06-11,Costa Rica,Scotland,1,0,FIFA World Cup,Genoa,Italy,True,W,1,True,True,1990,Group stage
1990-06-11,England,Republic of Ireland,1,1,FIFA World Cup,Cagliari,Italy,True,D,0,True,True,1990,Group stage
1990-06-12,Belgium,South Korea,2,0,FIFA World Cup,Verona,Italy,True,W,2,True,True,1990,Group stage
1990-06-12,Netherlands,Egypt,1,1,FIFA World Cup,Palermo,Italy,True,D,0,True,True,1990,Group stage
1990-06-13,Uruguay,Spain,0,0,FIFA World Cup,Udine,Italy,True,D,0,True,True,1990,Group stage
1990-06-13,Argentina,Russia,2,0,FIFA World Cup,Naples,Italy,True,W,2,True,True,1990,Group stage
1990-06-14,Cameroon,Romania,2,1,FIFA World Cup,Bari,Italy,True,W,1,True,True,1990,Group stage
1990-06-14,Italy,United States,1,0,FIFA World Cup,Rome,Italy,False,W,1,True,True,1990,Group stage
1990-06-14,Yugoslavia,Colombia,1,0,FIFA World Cup,Bologna,Italy,True,W,1,True,True,1990,Group stage
1990-06-15,Austria,Czechoslovakia,0,1,FIFA World Cup,Florence,Italy,True,L,-1,True,True,1990,Group stage
1990-06-15,Germany,United Arab Emirates,5,1,FIFA World Cup,Milan,Italy,True,W,4,True,True,1990,Group stage
1990-06-16,Brazil,Costa Rica,1,0,FIFA World Cup,Turin,Italy,True,W,1,True,True,1990,Group stage
1990-06-16,England,Netherlands,0,0,FIFA World Cup,Cagliari,Italy,True,D,0,True,True,1990,Group stage
1990-06-16,Sweden,Scotland,1,2,FIFA World Cup,Genoa,Italy,True,L,-1,True,True,1990,Group stage
1990-06-17,Belgium,Uruguay,3,1,FIFA World Cup,Verona,Italy,True,W,2,True,True,1990,Group stage
1990-06-17,Republic of Ireland,Egypt,0,0,FIFA World Cup,Palermo,Italy,True,D,0,True,True,1990,Group stage
1990-06-17,South Korea,Spain,1,3,FIFA World Cup,Udine,Italy,True,L,-2,True,True,1990,Group stage
1990-06-18,Cameroon,Russia,0,4,FIFA World Cup,Bari,Italy,True,L,-4,True,True,1990,Group stage
1990-06-18,Argentina,Romania,1,1,FIFA World Cup,Naples,Italy,True,D,0,True,True,1990,Group stage
1990-06-19,Yugoslavia,United Arab Emirates,4,1,FIFA World Cup,Bologna,Italy,True,W,3,True,True,1990,Group stage
1990-06-19,Italy,Czechoslovakia,2,0,FIFA World Cup,Rome,Italy,False,W,2,True,True,1990,Group stage
1990-06-19,Austria,United States,2,1,FIFA World Cup,Florence,Italy,True,W,1,True,True,1990,Group stage
1990-06-19,Germany,Colombia,1,1,FIFA World Cup,Milan,Italy,True,D,0,True,True,1990,Group stage
1990-06-20,Brazil,Scotland,1,0,FIFA World Cup,Turin,Italy,True,W,1,True,True,1990,Group stage
1990-06-20,Sweden,Costa Rica,1,2,FIFA World Cup,Genoa,Italy,True,L,-1,True,True,1990,Group stage
1990-06-21,Belgium,Spain,1,2,FIFA World Cup,Verona,Italy,True,L,-1,True,True,1990,Group stage
1990-06-21,England,Egypt,1,0,FIFA World Cup,Cagliari,Italy,True,W,1,True,True,1990,Group stage
1990-06-21,Republic of Ireland,Netherlands,1,1,FIFA World Cup,Palermo,Italy,True,D,0,True,True,1990,Group stage
1990-06-21,South Korea,Uruguay,0,1,FIFA World Cup,Udine,Italy,True,L,-1,True,True,1990,Group stage
1990-06-23,Cameroon,Colombia,2,1,FIFA World Cup,Naples,Italy,True,W,1,True,True,1990,Group stage
1990-06-23,Czechoslovakia,Costa Rica,4,1,FIFA World Cup,Bari,Italy,True,W,3,True,True,1990,Group stage
1990-06-24,Brazil,Argentina,0,1,FIFA World Cup,Turin,Italy,True,L,-1,True,True,1990,Group stage
1990-06-24,Germany,Netherlands,2,1,FIFA World Cup,Milan,Italy,True,W,1,True,True,1990,Group stage
1990-06-25,Republic of Ireland,Romania,0,0,FIFA World Cup,Genoa,Italy,True,D,0,True,True,1990,Group stage
1990-06-25,Italy,Uruguay,2,0,FIFA World Cup,Rome,Italy,False,W,2,True,True,1990,Group stage
1990-06-26,Spain,Yugoslavia,1,2,FIFA World Cup,Verona,Italy,True,L,-1,True,True,1990,Group stage
1990-06-26,England,Belgium,1,0,FIFA World Cup,Bologna,Italy,True,W,1,True,True,1990,Group stage
1990-06-30,Italy,Republic of Ireland,1,0,FIFA World Cup,Rome,Italy,False,W,1,True,True,1990,Group stage
1990-06-30,Yugoslavia,Argentina,0,0,FIFA World Cup,Florence,Italy,True,D,0,True,True,1990,Group stage
1990-07-01,Cameroon,England,2,3,FIFA World Cup,Naples,Italy,True,L,-1,True,True,1990,Group stage
1990-07-01,Germany,Czechoslovakia,1,0,FIFA World Cup,Milan,Italy,True,W,1,True,True,1990,Group stage
1990-07-03,Italy,Argentina,1,1,FIFA World Cup,Naples,Italy,False,D,0,True,True,1990,Group stage
1990-07-04,Germany,England,1,1,FIFA World Cup,Turin,Italy,True,D,0,True,True,1990,Group stage
1990-07-07,Italy,England,2,1,FIFA World Cup,Bari,Italy,False,W,1,True,True,1990,Group stage
1990-07-08,Germany,Argentina,1,0,FIFA World Cup,Rome,Italy,True,W,1,True,True,1990,Group stage
1994-06-17,Germany,Bolivia,1,0,FIFA World Cup,Chicago,United States,True,W,1,True,True,1994,Group stage
1994-06-17,Spain,South Korea,2,2,FIFA World Cup,Dallas,United States,True,D,0,True,True,1994,Group stage
1994-06-18,Colombia,Romania,1,3,FIFA World Cup,Pasadena,United States,True,L,-2,True,True,1994,Group stage
1994-06-18,Italy,Republic of Ireland,0,1,FIFA World Cup,East Rutherford,United States,True,L,-1,True,True,1994,Group stage
1994-06-18,United States,Switzerland,1,1,FIFA World Cup,Pontiac,United States,False,D,0,True,True,1994,Group stage
1994-06-19,Belgium,Morocco,1,0,FIFA World Cup,Orlando,United States,True,W,1,True,True,1994,Group stage
1994-06-19,Cameroon,Sweden,2,2,FIFA World Cup,Pasadena,United States,True,D,0,True,True,1994,Group stage
1994-06-19,Norway,Mexico,1,0,FIFA World Cup,"Washington, D.C.",United States,True,W,1,True,True,1994,Group stage
1994-06-20,Brazil,Russia,2,0,FIFA World Cup,Palo Alto,United States,True,W,2,True,True,1994,Group stage
1994-06-20,Netherlands,Saudi Arabia,2,1,FIFA World Cup,"Washington, D.C.",United States,True,W,1,True,True,1994,Group stage
1994-06-21,Nigeria,Bulgaria,3,0,FIFA World Cup,Dallas,United States,True,W,3,True,True,1994,Group stage
1994-06-21,Argentina,Greece,4,0,FIFA World Cup,Foxborough,United States,True,W,4,True,True,1994,Group stage
1994-06-21,Germany,Spain,1,1,FIFA World Cup,Chicago,United States,True,D,0,True,True,1994,Group stage
1994-06-22,United States,Colombia,2,1,FIFA World Cup,Pasadena,United States,False,W,1,True,True,1994,Group stage
1994-06-22,Romania,Switzerland,1,4,FIFA World Cup,Pontiac,United States,True,L,-3,True,True,1994,Group stage
1994-06-23,Italy,Norway,1,0,FIFA World Cup,East Rutherford,United States,True,W,1,True,True,1994,Group stage
1994-06-23,South Korea,Bolivia,0,0,FIFA World Cup,Foxborough,United States,True,D,0,True,True,1994,Group stage
1994-06-24,Brazil,Cameroon,3,0,FIFA World Cup,Palo Alto,United States,True,W,3,True,True,1994,Group stage
1994-06-24,Mexico,Republic of Ireland,2,1,FIFA World Cup,Orlando,United States,True,W,1,True,True,1994,Group stage
1994-06-24,Sweden,Russia,3,1,FIFA World Cup,Pontiac,United States,True,W,2,True,True,1994,Group stage
1994-06-25,Argentina,Nigeria,2,1,FIFA World Cup,Foxborough,United States,True,W,1,True,True,1994,Group stage
1994-06-25,Belgium,Netherlands,1,0,FIFA World Cup,Orlando,United States,True,W,1,True,True,1994,Group stage
1994-06-25,Saudi Arabia,Morocco,2,1,FIFA World Cup,East Rutherford,United States,True,W,1,True,True,1994,Group stage
1994-06-26,Bulgaria,Greece,4,0,FIFA World Cup,Chicago,United States,True,W,4,True,True,1994,Group stage
1994-06-26,Switzerland,Colombia,0,2,FIFA World Cup,Palo Alto,United States,True,L,-2,True,True,1994,Group stage
1994-06-26,United States,Romania,0,1,FIFA World Cup,Pasadena,United States,False,L,-1,True,True,1994,Group stage
1994-06-27,Bolivia,Spain,1,3,FIFA World Cup,Chicago,United States,True,L,-2,True,True,1994,Group stage
1994-06-27,Germany,South Korea,3,2,FIFA World Cup,Dallas,United States,True,W,1,True,True,1994,Group stage
1994-06-28,Russia,Cameroon,6,1,FIFA World Cup,Palo Alto,United States,True,W,5,True,True,1994,Group stage
1994-06-28,Italy,Mexico,1,1,FIFA World Cup,"Washington, D.C.",United States,True,D,0,True,True,1994,Group stage
1994-06-28,Brazil,Sweden,1,1,FIFA World Cup,Pontiac,United States,True,D,0,True,True,1994,Group stage
1994-06-28,Republic of Ireland,Norway,0,0,FIFA World Cup,East Rutherford,United States,True,D,0,True,True,1994,Group stage
1994-06-29,Belgium,Saudi Arabia,0,1,FIFA World Cup,"Washington, D.C.",United States,True,L,-1,True,True,1994,Group stage
1994-06-29,Morocco,Netherlands,1,2,FIFA World Cup,Orlando,United States,True,L,-1,True,True,1994,Group stage
1994-06-30,Argentina,Bulgaria,0,2,FIFA World Cup,Dallas,United States,True,L,-2,True,True,1994,Group stage
1994-06-30,Greece,Nigeria,0,2,FIFA World Cup,Foxborough,United States,True,L,-2,True,True,1994,Group stage
1994-07-02,Germany,Belgium,3,2,FIFA World Cup,Chicago,United States,True,W,1,True,True,1994,Group stage
1994-07-02,Spain,Switzerland,3,0,FIFA World Cup,"Washington, D.C.",United States,True,W,3,True,True,1994,Group stage
1994-07-03,Saudi Arabia,Sweden,1,3,FIFA World Cup,Dallas,United States,True,L,-2,True,True,1994,Group stage
1994-07-03,Romania,Argentina,3,2,FIFA World Cup,Pasadena,United States,True,W,1,True,True,1994,Group stage
1994-07-04,United States,Brazil,0,1,FIFA World Cup,Palo Alto,United States,False,L,-1,True,True,1994,Group stage
1994-07-04,Netherlands,Republic of Ireland,2,0,FIFA World Cup,Orlando,United States,True,W,2,True,True,1994,Group stage
1994-07-05,Mexico,Bulgaria,1,1,FIFA World Cup,East Rutherford,United States,True,D,0,True,True,1994,Group stage
1994-07-05,Nigeria,Italy,1,2,FIFA World Cup,Foxborough,United States,True,L,-1,True,True,1994,Group stage
1994-07-09,Italy,Spain,2,1,FIFA World Cup,Foxborough,United States,True,W,1,True,True,1994,Group stage
1994-07-09,Netherlands,Brazil,2,3,FIFA World Cup,Dallas,United States,True,L,-1,True,True,1994,Group stage
1994-07-10,Romania,Sweden,2,2,FIFA World Cup,Palo Alto,United States,True,D,0,True,True,1994,Group stage
1994-07-10,Bulgaria,Germany,2,1,FIFA World Cup,East Rutherford,United States,True,W,1,True,True,1994,Group stage
1994-07-13,Bulgaria,Italy,1,2,FIFA World Cup,East Rutherford,United States,True,L,-1,True,True,1994,Group stage
1994-07-13,Sweden,Brazil,0,1,FIFA World Cup,Pasadena,United States,True,L,-1,True,True,1994,Group stage
1994-07-16,Sweden,Bulgaria,4,0,FIFA World Cup,Pasadena,United States,True,W,4,True,True,1994,Group stage
1994-07-17,Brazil,Italy,0,0,FIFA World Cup,Pasadena,United States,True,D,0,True,True,1994,Group stage
1998-06-10,Brazil,Scotland,2,1,FIFA World Cup,Saint-Denis,France,True,W,1,True,True,1998,Group stage
1998-06-10,Morocco,Norway,2,2,FIFA World Cup,Montpellier,France,True,D,0,True,True,1998,Group stage
1998-06-11,Italy,Chile,2,2,FIFA World Cup,Bordeaux,France,True,D,0,True,True,1998,Group stage
1998-06-11,Cameroon,Austria,1,1,FIFA World Cup,Toulouse,France,True,D,0,True,True,1998,Group stage
1998-06-12,Paraguay,Bulgaria,0,0,FIFA World Cup,Montpellier,France,True,D,0,True,True,1998,Group stage
1998-06-12,Saudi Arabia,Denmark,0,1,FIFA World Cup,Lens,France,True,L,-1,True,True,1998,Group stage
1998-06-12,France,South Africa,3,0,FIFA World Cup,Marseille,France,False,W,3,True,True,1998,Group stage
1998-06-13,Spain,Nigeria,2,3,FIFA World Cup,Nantes,France,True,L,-1,True,True,1998,Group stage
1998-06-13,South Korea,Mexico,1,3,FIFA World Cup,Lyon,France,True,L,-2,True,True,1998,Group stage
1998-06-13,Netherlands,Belgium,0,0,FIFA World Cup,Saint-Denis,France,True,D,0,True,True,1998,Group stage
1998-06-14,Argentina,Japan,1,0,FIFA World Cup,Toulouse,France,True,W,1,True,True,1998,Group stage
1998-06-14,Jamaica,Croatia,1,3,FIFA World Cup,Lens,France,True,L,-2,True,True,1998,Group stage
1998-06-14,Serbia,Iran,1,0,FIFA World Cup,Saint-Étienne,France,True,W,1,True,True,1998,Group stage
1998-06-15,England,Tunisia,2,0,FIFA World Cup,Marseille,France,True,W,2,True,True,1998,Group stage
1998-06-15,Germany,United States,2,0,FIFA World Cup,Paris,France,True,W,2,True,True,1998,Group stage
1998-06-15,Romania,Colombia,1,0,FIFA World Cup,Lyon,France,True,W,1,True,True,1998,Group stage
1998-06-16,Brazil,Morocco,3,0,FIFA World Cup,Nantes,France,True,W,3,True,True,1998,Group stage
1998-06-16,Scotland,Norway,1,1,FIFA World Cup,Bordeaux,France,True,D,0,True,True,1998,Group stage
1998-06-17,Chile,Austria,1,1,FIFA World Cup,Saint-Étienne,France,True,D,0,True,True,1998,Group stage
1998-06-17,Italy,Cameroon,3,0,FIFA World Cup,Montpellier,France,True,W,3,True,True,1998,Group stage
1998-06-18,France,Saudi Arabia,4,0,FIFA World Cup,Saint-Denis,France,False,W,4,True,True,1998,Group stage
1998-06-18,South Africa,Denmark,1,1,FIFA World Cup,Toulouse,France,True,D,0,True,True,1998,Group stage
1998-06-19,Spain,Paraguay,0,0,FIFA World Cup,Saint-Étienne,France,True,D,0,True,True,1998,Group stage
1998-06-19,Nigeria,Bulgaria,1,0,FIFA World Cup,Paris,France,True,W,1,True,True,1998,Group stage
1998-06-20,Japan,Croatia,0,1,FIFA World Cup,Nantes,France,True,L,-1,True,True,1998,Group stage
1998-06-20,Netherlands,South Korea,5,0,FIFA World Cup,Marseille,France,True,W,5,True,True,1998,Group stage
1998-06-20,Belgium,Mexico,2,2,FIFA World Cup,Bordeaux,France,True,D,0,True,True,1998,Group stage
1998-06-21,Argentina,Jamaica,5,0,FIFA World Cup,Paris,France,True,W,5,True,True,1998,Group stage
1998-06-21,Germany,Serbia,2,2,FIFA World Cup,Lens,France,True,D,0,True,True,1998,Group stage
1998-06-21,United States,Iran,1,2,FIFA World Cup,Lyon,France,True,L,-1,True,True,1998,Group stage
1998-06-22,Colombia,Tunisia,1,0,FIFA World Cup,Montpellier,France,True,W,1,True,True,1998,Group stage
1998-06-22,Romania,England,2,1,FIFA World Cup,Toulouse,France,True,W,1,True,True,1998,Group stage
1998-06-23,Brazil,Norway,1,2,FIFA World Cup,Marseille,France,True,L,-1,True,True,1998,Group stage
1998-06-23,Chile,Cameroon,1,1,FIFA World Cup,Nantes,France,True,D,0,True,True,1998,Group stage
1998-06-23,Italy,Austria,2,1,FIFA World Cup,Saint-Denis,France,True,W,1,True,True,1998,Group stage
1998-06-23,Scotland,Morocco,0,3,FIFA World Cup,Saint-Étienne,France,True,L,-3,True,True,1998,Group stage
1998-06-24,South Africa,Saudi Arabia,2,2,FIFA World Cup,Bordeaux,France,True,D,0,True,True,1998,Group stage
1998-06-24,Spain,Bulgaria,6,1,FIFA World Cup,Lens,France,True,W,5,True,True,1998,Group stage
1998-06-24,Nigeria,Paraguay,1,3,FIFA World Cup,Toulouse,France,True,L,-2,True,True,1998,Group stage
1998-06-24,France,Denmark,2,1,FIFA World Cup,Lyon,France,False,W,1,True,True,1998,Group stage
1998-06-25,Belgium,South Korea,1,1,FIFA World Cup,Paris,France,True,D,0,True,True,1998,Group stage
1998-06-25,Germany,Iran,2,0,FIFA World Cup,Montpellier,France,True,W,2,True,True,1998,Group stage
1998-06-25,Netherlands,Mexico,2,2,FIFA World Cup,Saint-Étienne,France,True,D,0,True,True,1998,Group stage
1998-06-25,United States,Serbia,0,1,FIFA World Cup,Nantes,France,True,L,-1,True,True,1998,Group stage
1998-06-26,Argentina,Croatia,1,0,FIFA World Cup,Bordeaux,France,True,W,1,True,True,1998,Group stage
1998-06-26,Colombia,England,0,2,FIFA World Cup,Lens,France,True,L,-2,True,True,1998,Group stage
1998-06-26,Japan,Jamaica,1,2,FIFA World Cup,Lyon,France,True,L,-1,True,True,1998,Group stage
1998-06-26,Romania,Tunisia,1,1,FIFA World Cup,Saint-Denis,France,True,D,0,True,True,1998,Group stage
1998-06-27,Italy,Norway,1,0,FIFA World Cup,Marseille,France,True,W,1,True,True,1998,Group stage
1998-06-27,Brazil,Chile,4,1,FIFA World Cup,Paris,France,True,W,3,True,True,1998,Group stage
1998-06-28,France,Paraguay,1,0,FIFA World Cup,Lens,France,False,W,1,True,True,1998,Group stage
1998-06-28,Nigeria,Denmark,1,4,FIFA World Cup,Saint-Denis,France,True,L,-3,True,True,1998,Group stage
1998-06-29,Germany,Mexico,2,1,FIFA World Cup,Montpellier,France,True,W,1,True,True,1998,Group stage
1998-06-29,Netherlands,Serbia,2,1,FIFA World Cup,Toulouse,France,True,W,1,True,True,1998,Group stage
1998-06-30,Argentina,England,2,2,FIFA World Cup,Saint-Étienne,France,True,D,0,True,True,1998,Group stage
1998-06-30,Romania,Croatia,0,1,FIFA World Cup,Bordeaux,France,True,L,-1,True,True,1998,Group stage
1998-07-03,Brazil,Denmark,3,2,FIFA World Cup,Nantes,France,True,W,1,True,True,1998,Group stage
1998-07-03,France,Italy,0,0,FIFA World Cup,Saint-Denis,France,False,D,0,True,True,1998,Group stage
1998-07-04,Germany,Croatia,0,3,FIFA World Cup,Lyon,France,True,L,-3,True,True,1998,Group stage
1998-07-04,Netherlands,Argentina,2,1,FIFA World Cup,Marseille,France,True,W,1,True,True,1998,Group stage
1998-07-07,Brazil,Netherlands,1,1,FIFA World Cup,Marseille,France,True,D,0,True,True,1998,Group stage
1998-07-08,France,Croatia,2,1,FIFA World Cup,Saint-Denis,France,False,W,1,True,True,1998,Group stage
1998-07-11,Netherlands,Croatia,1,2,FIFA World Cup,Paris,France,True,L,-1,True,True,1998,Group stage
1998-07-12,France,Brazil,3,0,FIFA World Cup,Saint-Denis,France,False,W,3,True,True,1998,Group stage
2002-05-31,France,Senegal,0,1,FIFA World Cup,Seoul,South Korea,True,L,-1,True,True,2002,Group stage
2002-06-01,Germany,Saudi Arabia,8,0,FIFA World Cup,Sapporo,Japan,True,W,8,True,True,2002,Group stage
2002-06-01,Republic of Ireland,Cameroon,1,1,FIFA World Cup,Niigata,Japan,True,D,0,True,True,2002,Group stage
2002-06-01,Uruguay,Denmark,1,2,FIFA World Cup,Ulsan,South Korea,True,L,-1,True,True,2002,Group stage
2002-06-02,Spain,Slovenia,3,1,FIFA World Cup,Gwangju,South Korea,True,W,2,True,True,2002,Group stage
2002-06-02,Paraguay,South Africa,2,2,FIFA World Cup,Busan,South Korea,True,D,0,True,True,2002,Group stage
2002-06-02,Argentina,Nigeria,1,0,FIFA World Cup,Kashima,Japan,True,W,1,True,True,2002,Group stage
2002-06-02,England,Sweden,1,1,FIFA World Cup,Saitama,Japan,True,D,0,True,True,2002,Group stage
2002-06-03,Brazil,Turkey,2,1,FIFA World Cup,Ulsan,South Korea,True,W,1,True,True,2002,Group stage
2002-06-03,Croatia,Mexico,0,1,FIFA World Cup,Niigata,Japan,True,L,-1,True,True,2002,Group stage
2002-06-03,Italy,Ecuador,2,0,FIFA World Cup,Sapporo,Japan,True,W,2,True,True,2002,Group stage
2002-06-04,China,Costa Rica,0,2,FIFA World Cup,Gwangju,South Korea,True,L,-2,True,True,2002,Group stage
2002-06-04,Japan,Belgium,2,2,FIFA World Cup,Saitama,Japan,False,D,0,True,True,2002,Group stage
2002-06-04,South Korea,Poland,2,0,FIFA World Cup,Busan,South Korea,False,W,2,True,True,2002,Group stage
2002-06-05,Germany,Republic of Ireland,1,1,FIFA World Cup,Kashima,Japan,True,D,0,True,True,2002,Group stage
2002-06-05,Russia,Tunisia,2,0,FIFA World Cup,Kobe,Japan,True,W,2,True,True,2002,Group stage
2002-06-05,United States,Portugal,3,2,FIFA World Cup,Suwon,South Korea,True,W,1,True,True,2002,Group stage
2002-06-06,France,Uruguay,0,0,FIFA World Cup,Busan,South Korea,True,D,0,True,True,2002,Group stage
2002-06-06,Cameroon,Saudi Arabia,1,0,FIFA World Cup,Saitama,Japan,True,W,1,True,True,2002,Group stage
2002-06-06,Denmark,Senegal,1,1,FIFA World Cup,Daegu,South Korea,True,D,0,True,True,2002,Group stage
2002-06-07,Sweden,Nigeria,2,1,FIFA World Cup,Kobe,Japan,True,W,1,True,True,2002,Group stage
2002-06-07,Spain,Paraguay,3,1,FIFA World Cup,Jeonju,South Korea,True,W,2,True,True,2002,Group stage
2002-06-07,Argentina,England,0,1,FIFA World Cup,Sapporo,Japan,True,L,-1,True,True,2002,Group stage
2002-06-08,Brazil,China,4,0,FIFA World Cup,Seogwipo,South Korea,True,W,4,True,True,2002,Group stage
2002-06-08,Italy,Croatia,1,2,FIFA World Cup,Kashima,Japan,True,L,-1,True,True,2002,Group stage
2002-06-08,South Africa,Slovenia,1,0,FIFA World Cup,Daegu,South Korea,True,W,1,True,True,2002,Group stage
2002-06-09,Mexico,Ecuador,2,1,FIFA World Cup,Rifu,Japan,True,W,1,True,True,2002,Group stage
2002-06-09,Costa Rica,Turkey,1,1,FIFA World Cup,Incheon,South Korea,True,D,0,True,True,2002,Group stage
2002-06-09,Japan,Russia,1,0,FIFA World Cup,Yokohama,Japan,False,W,1,True,True,2002,Group stage
2002-06-10,Portugal,Poland,4,0,FIFA World Cup,Jeonju,South Korea,True,W,4,True,True,2002,Group stage
2002-06-10,Tunisia,Belgium,1,1,FIFA World Cup,Ōita,Japan,True,D,0,True,True,2002,Group stage
2002-06-10,South Korea,United States,1,1,FIFA World Cup,Daegu,South Korea,False,D,0,True,True,2002,Group stage
2002-06-11,Senegal,Uruguay,3,3,FIFA World Cup,Suwon,South Korea,True,D,0,True,True,2002,Group stage
2002-06-11,Saudi Arabia,Republic of Ireland,0,3,FIFA World Cup,Yokohama,Japan,True,L,-3,True,True,2002,Group stage
2002-06-11,Cameroon,Germany,0,2,FIFA World Cup,Fukuroi,Japan,True,L,-2,True,True,2002,Group stage
2002-06-11,Denmark,France,2,0,FIFA World Cup,Incheon,South Korea,True,W,2,True,True,2002,Group stage
2002-06-12,Nigeria,England,0,0,FIFA World Cup,Osaka,Japan,True,D,0,True,True,2002,Group stage
2002-06-12,Slovenia,Paraguay,1,3,FIFA World Cup,Seogwipo,South Korea,True,L,-2,True,True,2002,Group stage
2002-06-12,South Africa,Spain,2,3,FIFA World Cup,Daejeon,South Korea,True,L,-1,True,True,2002,Group stage
2002-06-12,Sweden,Argentina,1,1,FIFA World Cup,Rifu,Japan,True,D,0,True,True,2002,Group stage
2002-06-13,Costa Rica,Brazil,2,5,FIFA World Cup,Suwon,South Korea,True,L,-3,True,True,2002,Group stage
2002-06-13,Ecuador,Croatia,1,0,FIFA World Cup,Yokohama,Japan,True,W,1,True,True,2002,Group stage
2002-06-13,Mexico,Italy,1,1,FIFA World Cup,Ōita,Japan,True,D,0,True,True,2002,Group stage
2002-06-13,Turkey,China,3,0,FIFA World Cup,Seoul,South Korea,True,W,3,True,True,2002,Group stage
2002-06-14,Poland,United States,3,1,FIFA World Cup,Daejeon,South Korea,True,W,2,True,True,2002,Group stage
2002-06-14,Belgium,Russia,3,2,FIFA World Cup,Fukuroi,Japan,True,W,1,True,True,2002,Group stage
2002-06-14,Japan,Tunisia,2,0,FIFA World Cup,Osaka,Japan,False,W,2,True,True,2002,Group stage
2002-06-14,South Korea,Portugal,1,0,FIFA World Cup,Incheon,South Korea,False,W,1,True,True,2002,Group stage
2002-06-15,Germany,Paraguay,1,0,FIFA World Cup,Seogwipo,South Korea,True,W,1,True,True,2002,Group stage
2002-06-15,Denmark,England,0,3,FIFA World Cup,Niigata,Japan,True,L,-3,True,True,2002,Group stage
2002-06-16,Spain,Republic of Ireland,1,1,FIFA World Cup,Suwon,South Korea,True,D,0,True,True,2002,Group stage
2002-06-16,Sweden,Senegal,1,2,FIFA World Cup,Ōita,Japan,True,L,-1,True,True,2002,Group stage
2002-06-17,Brazil,Belgium,2,0,FIFA World Cup,Kobe,Japan,True,W,2,True,True,2002,Group stage
2002-06-17,Mexico,United States,0,2,FIFA World Cup,Jeonju,South Korea,True,L,-2,True,True,2002,Group stage
2002-06-18,Japan,Turkey,0,1,FIFA World Cup,Rifu,Japan,False,L,-1,True,True,2002,Group stage
2002-06-18,South Korea,Italy,2,1,FIFA World Cup,Daejeon,South Korea,False,W,1,True,True,2002,Group stage
2002-06-21,England,Brazil,1,2,FIFA World Cup,Fukuroi,Japan,True,L,-1,True,True,2002,Group stage
2002-06-21,Germany,United States,1,0,FIFA World Cup,Ulsan,South Korea,True,W,1,True,True,2002,Group stage
2002-06-22,Senegal,Turkey,0,1,FIFA World Cup,Osaka,Japan,True,L,-1,True,True,2002,Group stage
2002-06-22,South Korea,Spain,0,0,FIFA World Cup,Gwangju,South Korea,False,D,0,True,True,2002,Group stage
2002-06-25,South Korea,Germany,0,1,FIFA World Cup,Seoul,South Korea,False,L,-1,True,True,2002,Group stage
2002-06-26,Brazil,Turkey,1,0,FIFA World Cup,Saitama,Japan,True,W,1,True,True,2002,Group stage
2002-06-29,South Korea,Turkey,2,3,FIFA World Cup,Daegu,South Korea,False,L,-1,True,True,2002,Group stage
2002-06-30,Germany,Brazil,0,2,FIFA World Cup,Yokohama,Japan,True,L,-2,True,True,2002,Group stage
2006-06-09,Poland,Ecuador,0,2,FIFA World Cup,Gelsenkirchen,Germany,True,L,-2,True,True,2006,Group stage
2006-06-09,Germany,Costa Rica,4,2,FIFA World Cup,Munich,Germany,False,W,2,True,True,2006,Group stage
2006-06-10,Argentina,Ivory Coast,2,1,FIFA World Cup,Hamburg,Germany,True,W,1,True,True,2006,Group stage
2006-06-10,England,Paraguay,1,0,FIFA World Cup,Frankfurt am Main,Germany,True,W,1,True,True,2006,Group stage
2006-06-10,Trinidad and Tobago,Sweden,0,0,FIFA World Cup,Dortmund,Germany,True,D,0,True,True,2006,Group stage
2006-06-11,Angola,Portugal,0,1,FIFA World Cup,Cologne,Germany,True,L,-1,True,True,2006,Group stage
2006-06-11,Mexico,Iran,3,1,FIFA World Cup,Nuremberg,Germany,True,W,2,True,True,2006,Group stage
2006-06-11,Serbia,Netherlands,0,1,FIFA World Cup,Leipzig,Germany,True,L,-1,True,True,2006,Group stage
2006-06-12,Australia,Japan,3,1,FIFA World Cup,Kaiserslautern,Germany,True,W,2,True,True,2006,Group stage
2006-06-12,Italy,Ghana,2,0,FIFA World Cup,Hanover,Germany,True,W,2,True,True,2006,Group stage
2006-06-12,United States,Czech Republic,0,3,FIFA World Cup,Gelsenkirchen,Germany,True,L,-3,True,True,2006,Group stage
2006-06-13,France,Switzerland,0,0,FIFA World Cup,Stuttgart,Germany,True,D,0,True,True,2006,Group stage
2006-06-13,South Korea,Togo,2,1,FIFA World Cup,Frankfurt am Main,Germany,True,W,1,True,True,2006,Group stage
2006-06-13,Brazil,Croatia,1,0,FIFA World Cup,Berlin,Germany,True,W,1,True,True,2006,Group stage
2006-06-14,Germany,Poland,1,0,FIFA World Cup,Dortmund,Germany,False,W,1,True,True,2006,Group stage
2006-06-14,Spain,Ukraine,4,0,FIFA World Cup,Leipzig,Germany,True,W,4,True,True,2006,Group stage
2006-06-14,Tunisia,Saudi Arabia,2,2,FIFA World Cup,Munich,Germany,True,D,0,True,True,2006,Group stage
2006-06-15,Ecuador,Costa Rica,3,0,FIFA World Cup,Hamburg,Germany,True,W,3,True,True,2006,Group stage
2006-06-15,England,Trinidad and Tobago,2,0,FIFA World Cup,Nuremberg,Germany,True,W,2,True,True,2006,Group stage
2006-06-15,Sweden,Paraguay,1,0,FIFA World Cup,Berlin,Germany,True,W,1,True,True,2006,Group stage
2006-06-16,Argentina,Serbia,6,0,FIFA World Cup,Gelsenkirchen,Germany,True,W,6,True,True,2006,Group stage
2006-06-16,Mexico,Angola,0,0,FIFA World Cup,Hanover,Germany,True,D,0,True,True,2006,Group stage
2006-06-16,Netherlands,Ivory Coast,2,1,FIFA World Cup,Stuttgart,Germany,True,W,1,True,True,2006,Group stage
2006-06-17,Portugal,Iran,2,0,FIFA World Cup,Frankfurt am Main,Germany,True,W,2,True,True,2006,Group stage
2006-06-17,Czech Republic,Ghana,0,2,FIFA World Cup,Cologne,Germany,True,L,-2,True,True,2006,Group stage
2006-06-17,Italy,United States,1,1,FIFA World Cup,Kaiserslautern,Germany,True,D,0,True,True,2006,Group stage
2006-06-18,France,South Korea,1,1,FIFA World Cup,Leipzig,Germany,True,D,0,True,True,2006,Group stage
2006-06-18,Japan,Croatia,0,0,FIFA World Cup,Nuremberg,Germany,True,D,0,True,True,2006,Group stage
2006-06-18,Brazil,Australia,2,0,FIFA World Cup,Munich,Germany,True,W,2,True,True,2006,Group stage
2006-06-19,Saudi Arabia,Ukraine,0,4,FIFA World Cup,Hamburg,Germany,True,L,-4,True,True,2006,Group stage
2006-06-19,Spain,Tunisia,3,1,FIFA World Cup,Stuttgart,Germany,True,W,2,True,True,2006,Group stage
2006-06-19,Togo,Switzerland,0,2,FIFA World Cup,Dortmund,Germany,True,L,-2,True,True,2006,Group stage
2006-06-20,Costa Rica,Poland,1,2,FIFA World Cup,Hanover,Germany,True,L,-1,True,True,2006,Group stage
2006-06-20,Germany,Ecuador,3,0,FIFA World Cup,Berlin,Germany,False,W,3,True,True,2006,Group stage
2006-06-20,Paraguay,Trinidad and Tobago,2,0,FIFA World Cup,Kaiserslautern,Germany,True,W,2,True,True,2006,Group stage
2006-06-20,Sweden,England,2,2,FIFA World Cup,Cologne,Germany,True,D,0,True,True,2006,Group stage
2006-06-21,Iran,Angola,1,1,FIFA World Cup,Leipzig,Germany,True,D,0,True,True,2006,Group stage
2006-06-21,Ivory Coast,Serbia,3,2,FIFA World Cup,Munich,Germany,True,W,1,True,True,2006,Group stage
2006-06-21,Netherlands,Argentina,0,0,FIFA World Cup,Frankfurt am Main,Germany,True,D,0,True,True,2006,Group stage
2006-06-21,Portugal,Mexico,2,1,FIFA World Cup,Gelsenkirchen,Germany,True,W,1,True,True,2006,Group stage
2006-06-22,Ghana,United States,2,1,FIFA World Cup,Nuremberg,Germany,True,W,1,True,True,2006,Group stage
2006-06-22,Japan,Brazil,1,4,FIFA World Cup,Dortmund,Germany,True,L,-3,True,True,2006,Group stage
2006-06-22,Croatia,Australia,2,2,FIFA World Cup,Stuttgart,Germany,True,D,0,True,True,2006,Group stage
2006-06-22,Czech Republic,Italy,0,2,FIFA World Cup,Hamburg,Germany,True,L,-2,True,True,2006,Group stage
2006-06-23,Saudi Arabia,Spain,0,1,FIFA World Cup,Kaiserslautern,Germany,True,L,-1,True,True,2006,Group stage
2006-06-23,Switzerland,South Korea,2,0,FIFA World Cup,Hanover,Germany,True,W,2,True,True,2006,Group stage
2006-06-23,Togo,France,0,2,FIFA World Cup,Cologne,Germany,True,L,-2,True,True,2006,Group stage
2006-06-23,Ukraine,Tunisia,1,0,FIFA World Cup,Berlin,Germany,True,W,1,True,True,2006,Group stage
2006-06-24,Argentina,Mexico,2,1,FIFA World Cup,Leipzig,Germany,True,W,1,True,True,2006,Group stage
2006-06-24,Germany,Sweden,2,0,FIFA World Cup,Munich,Germany,False,W,2,True,True,2006,Group stage
2006-06-25,England,Ecuador,1,0,FIFA World Cup,Stuttgart,Germany,True,W,1,True,True,2006,Group stage
2006-06-25,Portugal,Netherlands,1,0,FIFA World Cup,Nuremberg,Germany,True,W,1,True,True,2006,Group stage
2006-06-26,Switzerland,Ukraine,0,0,FIFA World Cup,Cologne,Germany,True,D,0,True,True,2006,Group stage
2006-06-26,Italy,Australia,1,0,FIFA World Cup,Kaiserslautern,Germany,True,W,1,True,True,2006,Group stage
2006-06-27,Brazil,Ghana,3,0,FIFA World Cup,Dortmund,Germany,True,W,3,True,True,2006,Group stage
2006-06-27,Spain,France,1,3,FIFA World Cup,Hanover,Germany,True,L,-2,True,True,2006,Group stage
2006-06-30,Germany,Argentina,1,1,FIFA World Cup,Berlin,Germany,False,D,0,True,True,2006,Group stage
2006-06-30,Italy,Ukraine,3,0,FIFA World Cup,Hamburg,Germany,True,W,3,True,True,2006,Group stage
2006-07-01,Brazil,France,0,1,FIFA World Cup,Frankfurt am Main,Germany,True,L,-1,True,True,2006,Group stage
2006-07-01,England,Portugal,0,0,FIFA World Cup,Gelsenkirchen,Germany,True,D,0,True,True,2006,Group stage
2006-07-04,Germany,Italy,0,2,FIFA World Cup,Dortmund,Germany,False,L,-2,True,True,2006,Group stage
2006-07-05,Portugal,France,0,1,FIFA World Cup,Munich,Germany,True,L,-1,True,True,2006,Group stage
2006-07-08,Germany,Portugal,3,1,FIFA World Cup,Stuttgart,Germany,False,W,2,True,True,2006,Group stage
2006-07-09,Italy,France,1,1,FIFA World Cup,Berlin,Germany,True,D,0,True,True,2006,Group stage
2010-06-11,South Africa,Mexico,1,1,FIFA World Cup,Johannesburg,South Africa,False,D,0,True,True,2010,Group stage
2010-06-11,Uruguay,France,0,0,FIFA World Cup,Cape Town,South Africa,True,D,0,True,True,2010,Group stage
2010-06-12,Argentina,Nigeria,1,0,FIFA World Cup,Johannesburg,South Africa,True,W,1,True,True,2010,Group stage
2010-06-12,England,United States,1,1,FIFA World Cup,Rustenburg,South Africa,True,D,0,True,True,2010,Group stage
2010-06-12,South Korea,Greece,2,0,FIFA World Cup,Port Elizabeth,South Africa,True,W,2,True,True,2010,Group stage
2010-06-13,Germany,Australia,4,0,FIFA World Cup,Durban,South Africa,True,W,4,True,True,2010,Group stage
2010-06-13,Serbia,Ghana,0,1,FIFA World Cup,Pretoria,South Africa,True,L,-1,True,True,2010,Group stage
2010-06-13,Algeria,Slovenia,0,1,FIFA World Cup,Polokwane,South Africa,True,L,-1,True,True,2010,Group stage
2010-06-14,Italy,Paraguay,1,1,FIFA World Cup,Cape Town,South Africa,True,D,0,True,True,2010,Group stage
2010-06-14,Japan,Cameroon,1,0,FIFA World Cup,Bloemfontein,South Africa,True,W,1,True,True,2010,Group stage
2010-06-14,Netherlands,Denmark,2,0,FIFA World Cup,Johannesburg,South Africa,True,W,2,True,True,2010,Group stage
2010-06-15,Brazil,North Korea,2,1,FIFA World Cup,Johannesburg,South Africa,True,W,1,True,True,2010,Group stage
2010-06-15,Ivory Coast,Portugal,0,0,FIFA World Cup,Port Elizabeth,South Africa,True,D,0,True,True,2010,Group stage
2010-06-15,New Zealand,Slovakia,1,1,FIFA World Cup,Rustenburg,South Africa,True,D,0,True,True,2010,Group stage
2010-06-16,Honduras,Chile,0,1,FIFA World Cup,Nelspruit,South Africa,True,L,-1,True,True,2010,Group stage
2010-06-16,South Africa,Uruguay,0,3,FIFA World Cup,Pretoria,South Africa,False,L,-3,True,True,2010,Group stage
2010-06-16,Spain,Switzerland,0,1,FIFA World Cup,Durban,South Africa,True,L,-1,True,True,2010,Group stage
2010-06-17,Greece,Nigeria,2,1,FIFA World Cup,Bloemfontein,South Africa,True,W,1,True,True,2010,Group stage
2010-06-17,Argentina,South Korea,4,1,FIFA World Cup,Johannesburg,South Africa,True,W,3,True,True,2010,Group stage
2010-06-17,France,Mexico,0,2,FIFA World Cup,Polokwane,South Africa,True,L,-2,True,True,2010,Group stage
2010-06-18,Slovenia,United States,2,2,FIFA World Cup,Johannesburg,South Africa,True,D,0,True,True,2010,Group stage
2010-06-18,England,Algeria,0,0,FIFA World Cup,Cape Town,South Africa,True,D,0,True,True,2010,Group stage
2010-06-18,Germany,Serbia,0,1,FIFA World Cup,Port Elizabeth,South Africa,True,L,-1,True,True,2010,Group stage
2010-06-19,Cameroon,Denmark,1,2,FIFA World Cup,Pretoria,South Africa,True,L,-1,True,True,2010,Group stage
2010-06-19,Ghana,Australia,1,1,FIFA World Cup,Rustenburg,South Africa,True,D,0,True,True,2010,Group stage
2010-06-19,Netherlands,Japan,1,0,FIFA World Cup,Durban,South Africa,True,W,1,True,True,2010,Group stage
2010-06-20,Slovakia,Paraguay,0,2,FIFA World Cup,Bloemfontein,South Africa,True,L,-2,True,True,2010,Group stage
2010-06-20,Brazil,Ivory Coast,3,1,FIFA World Cup,Johannesburg,South Africa,True,W,2,True,True,2010,Group stage
2010-06-20,Italy,New Zealand,1,1,FIFA World Cup,Nelspruit,South Africa,True,D,0,True,True,2010,Group stage
2010-06-21,Chile,Switzerland,1,0,FIFA World Cup,Port Elizabeth,South Africa,True,W,1,True,True,2010,Group stage
2010-06-21,Portugal,North Korea,7,0,FIFA World Cup,Cape Town,South Africa,True,W,7,True,True,2010,Group stage
2010-06-21,Spain,Honduras,2,0,FIFA World Cup,Johannesburg,South Africa,True,W,2,True,True,2010,Group stage
2010-06-22,South Africa,France,2,1,FIFA World Cup,Bloemfontein,South Africa,False,W,1,True,True,2010,Group stage
2010-06-22,Nigeria,South Korea,2,2,FIFA World Cup,Durban,South Africa,True,D,0,True,True,2010,Group stage
2010-06-22,Greece,Argentina,0,2,FIFA World Cup,Polokwane,South Africa,True,L,-2,True,True,2010,Group stage
2010-06-22,Mexico,Uruguay,0,1,FIFA World Cup,Rustenburg,South Africa,True,L,-1,True,True,2010,Group stage
2010-06-23,Australia,Serbia,2,1,FIFA World Cup,Nelspruit,South Africa,True,W,1,True,True,2010,Group stage
2010-06-23,Ghana,Germany,0,1,FIFA World Cup,Johannesburg,South Africa,True,L,-1,True,True,2010,Group stage
2010-06-23,Slovenia,England,0,1,FIFA World Cup,Port Elizabeth,South Africa,True,L,-1,True,True,2010,Group stage
2010-06-23,United States,Algeria,1,0,FIFA World Cup,Pretoria,South Africa,True,W,1,True,True,2010,Group stage
2010-06-24,Cameroon,Netherlands,1,2,FIFA World Cup,Cape Town,South Africa,True,L,-1,True,True,2010,Group stage
2010-06-24,Denmark,Japan,1,3,FIFA World Cup,Rustenburg,South Africa,True,L,-2,True,True,2010,Group stage
2010-06-24,Paraguay,New Zealand,0,0,FIFA World Cup,Polokwane,South Africa,True,D,0,True,True,2010,Group stage
2010-06-24,Slovakia,Italy,3,2,FIFA World Cup,Johannesburg,South Africa,True,W,1,True,True,2010,Group stage
2010-06-25,North Korea,Ivory Coast,0,3,FIFA World Cup,Nelspruit,South Africa,True,L,-3,True,True,2010,Group stage
2010-06-25,Switzerland,Honduras,0,0,FIFA World Cup,Bloemfontein,South Africa,True,D,0,True,True,2010,Group stage
2010-06-25,Chile,Spain,1,2,FIFA World Cup,Pretoria,South Africa,True,L,-1,True,True,2010,Group stage
2010-06-25,Portugal,Brazil,0,0,FIFA World Cup,Durban,South Africa,True,D,0,True,True,2010,Group stage
2010-06-26,Uruguay,South Korea,2,1,FIFA World Cup,Port Elizabeth,South Africa,True,W,1,True,True,2010,Group stage
2010-06-26,United States,Ghana,1,2,FIFA World Cup,Rustenburg,South Africa,True,L,-1,True,True,2010,Group stage
2010-06-27,Argentina,Mexico,3,1,FIFA World Cup,Johannesburg,South Africa,True,W,2,True,True,2010,Group stage
2010-06-27,Germany,England,4,1,FIFA World Cup,Bloemfontein,South Africa,True,W,3,True,True,2010,Group stage
2010-06-28,Brazil,Chile,3,0,FIFA World Cup,Johannesburg,South Africa,True,W,3,True,True,2010,Group stage
2010-06-28,Netherlands,Slovakia,2,1,FIFA World Cup,Durban,South Africa,True,W,1,True,True,2010,Group stage
2010-06-29,Paraguay,Japan,0,0,FIFA World Cup,Pretoria,South Africa,True,D,0,True,True,2010,Group stage
2010-06-29,Spain,Portugal,1,0,FIFA World Cup,Cape Town,South Africa,True,W,1,True,True,2010,Group stage
2010-07-02,Uruguay,Ghana,1,1,FIFA World Cup,Johannesburg,South Africa,True,D,0,True,True,2010,Group stage
2010-07-02,Netherlands,Brazil,2,1,FIFA World Cup,Port Elizabeth,South Africa,True,W,1,True,True,2010,Group stage
2010-07-03,Argentina,Germany,0,4,FIFA World Cup,Cape Town,South Africa,True,L,-4,True,True,2010,Group stage
2010-07-03,Paraguay,Spain,0,1,FIFA World Cup,Johannesburg,South Africa,True,L,-1,True,True,2010,Group stage
2010-07-06,Uruguay,Netherlands,2,3,FIFA World Cup,Cape Town,South Africa,True,L,-1,True,True,2010,Group stage
2010-07-07,Germany,Spain,0,1,FIFA World Cup,Durban,South Africa,True,L,-1,True,True,2010,Group stage
2010-07-10,Uruguay,Germany,2,3,FIFA World Cup,Port Elizabeth,South Africa,True,L,-1,True,True,2010,Group stage
2010-07-11,Netherlands,Spain,0,1,FIFA World Cup,Johannesburg,South Africa,True,L,-1,True,True,2010,Group stage
2014-06-12,Brazil,Croatia,3,1,FIFA World Cup,São Paulo,Brazil,False,W,2,True,True,2014,Group stage
2014-06-13,Chile,Australia,3,1,FIFA World Cup,Cuiabá,Brazil,True,W,2,True,True,2014,Group stage
2014-06-13,Mexico,Cameroon,1,0,FIFA World Cup,Natal,Brazil,True,W,1,True,True,2014,Group stage
2014-06-13,Spain,Netherlands,1,5,FIFA World Cup,Salvador,Brazil,True,L,-4,True,True,2014,Group stage
2014-06-14,Colombia,Greece,3,0,FIFA World Cup,Belo Horizonte,Brazil,True,W,3,True,True,2014,Group stage
2014-06-14,England,Italy,1,2,FIFA World Cup,Manaus,Brazil,True,L,-1,True,True,2014,Group stage
2014-06-14,Ivory Coast,Japan,2,1,FIFA World Cup,Recife,Brazil,True,W,1,True,True,2014,Group stage
2014-06-14,Uruguay,Costa Rica,1,3,FIFA World Cup,Fortaleza,Brazil,True,L,-2,True,True,2014,Group stage
2014-06-15,Argentina,Bosnia and Herzegovina,2,1,FIFA World Cup,Rio de Janeiro,Brazil,True,W,1,True,True,2014,Group stage
2014-06-15,France,Honduras,3,0,FIFA World Cup,Porto Alegre,Brazil,True,W,3,True,True,2014,Group stage
2014-06-15,Switzerland,Ecuador,2,1,FIFA World Cup,Brasília,Brazil,True,W,1,True,True,2014,Group stage
2014-06-16,Iran,Nigeria,0,0,FIFA World Cup,Curitiba,Brazil,True,D,0,True,True,2014,Group stage
2014-06-16,Ghana,United States,1,2,FIFA World Cup,Natal,Brazil,True,L,-1,True,True,2014,Group stage
2014-06-16,Germany,Portugal,4,0,FIFA World Cup,Salvador,Brazil,True,W,4,True,True,2014,Group stage
2014-06-17,Belgium,Algeria,2,1,FIFA World Cup,Belo Horizonte,Brazil,True,W,1,True,True,2014,Group stage
2014-06-17,Brazil,Mexico,0,0,FIFA World Cup,Fortaleza,Brazil,False,D,0,True,True,2014,Group stage
2014-06-17,Russia,South Korea,1,1,FIFA World Cup,Cuiabá,Brazil,True,D,0,True,True,2014,Group stage
2014-06-18,Australia,Netherlands,2,3,FIFA World Cup,Curitiba,Brazil,True,L,-1,True,True,2014,Group stage
2014-06-18,Cameroon,Croatia,0,4,FIFA World Cup,Manaus,Brazil,True,L,-4,True,True,2014,Group stage
2014-06-18,Spain,Chile,0,2,FIFA World Cup,Rio de Janeiro,Brazil,True,L,-2,True,True,2014,Group stage
2014-06-19,Colombia,Ivory Coast,2,1,FIFA World Cup,Brasília,Brazil,True,W,1,True,True,2014,Group stage
2014-06-19,Japan,Greece,0,0,FIFA World Cup,Natal,Brazil,True,D,0,True,True,2014,Group stage
2014-06-19,Uruguay,England,2,1,FIFA World Cup,São Paulo,Brazil,True,W,1,True,True,2014,Group stage
2014-06-20,Honduras,Ecuador,1,2,FIFA World Cup,Curitiba,Brazil,True,L,-1,True,True,2014,Group stage
2014-06-20,Italy,Costa Rica,0,1,FIFA World Cup,Recife,Brazil,True,L,-1,True,True,2014,Group stage
2014-06-20,Switzerland,France,2,5,FIFA World Cup,Salvador,Brazil,True,L,-3,True,True,2014,Group stage
2014-06-21,Nigeria,Bosnia and Herzegovina,1,0,FIFA World Cup,Cuiabá,Brazil,True,W,1,True,True,2014,Group stage
2014-06-21,Argentina,Iran,1,0,FIFA World Cup,Belo Horizonte,Brazil,True,W,1,True,True,2014,Group stage
2014-06-21,Germany,Ghana,2,2,FIFA World Cup,Fortaleza,Brazil,True,D,0,True,True,2014,Group stage
2014-06-22,Belgium,Russia,1,0,FIFA World Cup,Rio de Janeiro,Brazil,True,W,1,True,True,2014,Group stage
2014-06-22,South Korea,Algeria,2,4,FIFA World Cup,Porto Alegre,Brazil,True,L,-2,True,True,2014,Group stage
2014-06-22,United States,Portugal,2,2,FIFA World Cup,Manaus,Brazil,True,D,0,True,True,2014,Group stage
2014-06-23,Australia,Spain,0,3,FIFA World Cup,Curitiba,Brazil,True,L,-3,True,True,2014,Group stage
2014-06-23,Brazil,Cameroon,4,1,FIFA World Cup,Brasília,Brazil,False,W,3,True,True,2014,Group stage
2014-06-23,Croatia,Mexico,1,3,FIFA World Cup,Recife,Brazil,True,L,-2,True,True,2014,Group stage
2014-06-23,Netherlands,Chile,2,0,FIFA World Cup,São Paulo,Brazil,True,W,2,True,True,2014,Group stage
2014-06-24,Costa Rica,England,0,0,FIFA World Cup,Belo Horizonte,Brazil,True,D,0,True,True,2014,Group stage
2014-06-24,Greece,Ivory Coast,2,1,FIFA World Cup,Fortaleza,Brazil,True,W,1,True,True,2014,Group stage
2014-06-24,Italy,Uruguay,0,1,FIFA World Cup,Natal,Brazil,True,L,-1,True,True,2014,Group stage
2014-06-24,Japan,Colombia,1,4,FIFA World Cup,Cuiabá,Brazil,True,L,-3,True,True,2014,Group stage
2014-06-25,Ecuador,France,0,0,FIFA World Cup,Rio de Janeiro,Brazil,True,D,0,True,True,2014,Group stage
2014-06-25,Nigeria,Argentina,2,3,FIFA World Cup,Porto Alegre,Brazil,True,L,-1,True,True,2014,Group stage
2014-06-25,Bosnia and Herzegovina,Iran,3,1,FIFA World Cup,Salvador,Brazil,True,W,2,True,True,2014,Group stage
2014-06-25,Honduras,Switzerland,0,3,FIFA World Cup,Manaus,Brazil,True,L,-3,True,True,2014,Group stage
2014-06-26,Algeria,Russia,1,1,FIFA World Cup,Curitiba,Brazil,True,D,0,True,True,2014,Group stage
2014-06-26,South Korea,Belgium,0,1,FIFA World Cup,São Paulo,Brazil,True,L,-1,True,True,2014,Group stage
2014-06-26,Portugal,Ghana,2,1,FIFA World Cup,Brasília,Brazil,True,W,1,True,True,2014,Group stage
2014-06-26,United States,Germany,0,1,FIFA World Cup,Recife,Brazil,True,L,-1,True,True,2014,Group stage
2014-06-28,Brazil,Chile,1,1,FIFA World Cup,Belo Horizonte,Brazil,False,D,0,True,True,2014,Group stage
2014-06-28,Colombia,Uruguay,2,0,FIFA World Cup,Rio de Janeiro,Brazil,True,W,2,True,True,2014,Group stage
2014-06-29,Costa Rica,Greece,1,1,FIFA World Cup,Recife,Brazil,True,D,0,True,True,2014,Group stage
2014-06-29,Netherlands,Mexico,2,1,FIFA World Cup,Fortaleza,Brazil,True,W,1,True,True,2014,Group stage
2014-06-30,France,Nigeria,2,0,FIFA World Cup,Brasília,Brazil,True,W,2,True,True,2014,Group stage
2014-06-30,Germany,Algeria,2,1,FIFA World Cup,Porto Alegre,Brazil,True,W,1,True,True,2014,Group stage
2014-07-01,Belgium,United States,2,1,FIFA World Cup,Salvador,Brazil,True,W,1,True,True,2014,Group stage
2014-07-01,Argentina,Switzerland,1,0,FIFA World Cup,São Paulo,Brazil,True,W,1,True,True,2014,Group stage
2014-07-04,Brazil,Colombia,2,1,FIFA World Cup,Fortaleza,Brazil,False,W,1,True,True,2014,Group stage
2014-07-04,France,Germany,0,1,FIFA World Cup,Rio de Janeiro,Brazil,True,L,-1,True,True,2014,Group stage
2014-07-05,Argentina,Belgium,1,0,FIFA World Cup,Brasília,Brazil,True,W,1,True,True,2014,Group stage
2014-07-05,Netherlands,Costa Rica,0,0,FIFA World Cup,Salvador,Brazil,True,D,0,True,True,2014,Group stage
2014-07-08,Brazil,Germany,1,7,FIFA World Cup,Belo Horizonte,Brazil,False,L,-6,True,True,2014,Group stage
2014-07-09,Netherlands,Argentina,0,0,FIFA World Cup,São Paulo,Brazil,True,D,0,True,True,2014,Group stage
2014-07-12,Brazil,Netherlands,0,3,FIFA World Cup,Brasília,Brazil,False,L,-3,True,True,2014,Group stage
2014-07-13,Germany,Argentina,1,0,FIFA World Cup,Rio de Janeiro,Brazil,True,W,1,True,True,2014,Group stage
2018-06-14,Russia,Saudi Arabia,5,0,FIFA World Cup,Moscow,Russia,False,W,5,True,True,2018,Group stage
2018-06-15,Egypt,Uruguay,0,1,FIFA World Cup,Ekaterinburg,Russia,True,L,-1,True,True,2018,Group stage
2018-06-15,Portugal,Spain,3,3,FIFA World Cup,Sochi,Russia,True,D,0,True,True,2018,Group stage
2018-06-15,Morocco,Iran,0,1,FIFA World Cup,Saint Petersburg,Russia,True,L,-1,True,True,2018,Group stage
2018-06-16,France,Australia,2,1,FIFA World Cup,Kazan,Russia,True,W,1,True,True,2018,Group stage
2018-06-16,Argentina,Iceland,1,1,FIFA World Cup,Moscow,Russia,True,D,0,True,True,2018,Group stage
2018-06-16,Peru,Denmark,0,1,FIFA World Cup,Saransk,Russia,True,L,-1,True,True,2018,Group stage
2018-06-16,Croatia,Nigeria,2,0,FIFA World Cup,Kaliningrad,Russia,True,W,2,True,True,2018,Group stage
2018-06-17,Costa Rica,Serbia,0,1,FIFA World Cup,Samara,Russia,True,L,-1,True,True,2018,Group stage
2018-06-17,Germany,Mexico,0,1,FIFA World Cup,Moscow,Russia,True,L,-1,True,True,2018,Group stage
2018-06-17,Brazil,Switzerland,1,1,FIFA World Cup,Rostov-on-Don,Russia,True,D,0,True,True,2018,Group stage
2018-06-18,Sweden,South Korea,1,0,FIFA World Cup,Nizhny Novgorod,Russia,True,W,1,True,True,2018,Group stage
2018-06-18,Belgium,Panama,3,0,FIFA World Cup,Sochi,Russia,True,W,3,True,True,2018,Group stage
2018-06-18,Tunisia,England,1,2,FIFA World Cup,Volgograd,Russia,True,L,-1,True,True,2018,Group stage
2018-06-19,Russia,Egypt,3,1,FIFA World Cup,Saint Petersburg,Russia,False,W,2,True,True,2018,Group stage
2018-06-19,Poland,Senegal,1,2,FIFA World Cup,Moscow,Russia,True,L,-1,True,True,2018,Group stage
2018-06-19,Colombia,Japan,1,2,FIFA World Cup,Saransk,Russia,True,L,-1,True,True,2018,Group stage
2018-06-20,Portugal,Morocco,1,0,FIFA World Cup,Moscow,Russia,True,W,1,True,True,2018,Group stage
2018-06-20,Uruguay,Saudi Arabia,1,0,FIFA World Cup,Rostov-on-Don,Russia,True,W,1,True,True,2018,Group stage
2018-06-20,Iran,Spain,0,1,FIFA World Cup,Kazan,Russia,True,L,-1,True,True,2018,Group stage
2018-06-21,Denmark,Australia,1,1,FIFA World Cup,Samara,Russia,True,D,0,True,True,2018,Group stage
2018-06-21,France,Peru,1,0,FIFA World Cup,Ekaterinburg,Russia,True,W,1,True,True,2018,Group stage
2018-06-21,Argentina,Croatia,0,3,FIFA World Cup,Nizhny Novgorod,Russia,True,L,-3,True,True,2018,Group stage
2018-06-22,Brazil,Costa Rica,2,0,FIFA World Cup,Saint Petersburg,Russia,True,W,2,True,True,2018,Group stage
2018-06-22,Nigeria,Iceland,2,0,FIFA World Cup,Volgograd,Russia,True,W,2,True,True,2018,Group stage
2018-06-22,Serbia,Switzerland,1,2,FIFA World Cup,Kaliningrad,Russia,True,L,-1,True,True,2018,Group stage
2018-06-23,Belgium,Tunisia,5,2,FIFA World Cup,Moscow,Russia,True,W,3,True,True,2018,Group stage
2018-06-23,South Korea,Mexico,1,2,FIFA World Cup,Rostov-on-Don,Russia,True,L,-1,True,True,2018,Group stage
2018-06-23,Germany,Sweden,2,1,FIFA World Cup,Sochi,Russia,True,W,1,True,True,2018,Group stage
2018-06-24,Japan,Senegal,2,2,FIFA World Cup,Ekaterinburg,Russia,True,D,0,True,True,2018,Group stage
2018-06-24,Poland,Colombia,0,3,FIFA World Cup,Kazan,Russia,True,L,-3,True,True,2018,Group stage
2018-06-24,England,Panama,6,1,FIFA World Cup,Nizhny Novgorod,Russia,True,W,5,True,True,2018,Group stage
2018-06-25,Russia,Uruguay,0,3,FIFA World Cup,Samara,Russia,False,L,-3,True,True,2018,Group stage
2018-06-25,Saudi Arabia,Egypt,2,1,FIFA World Cup,Volgograd,Russia,True,W,1,True,True,2018,Group stage
2018-06-25,Spain,Morocco,2,2,FIFA World Cup,Kaliningrad,Russia,True,D,0,True,True,2018,Group stage
2018-06-25,Iran,Portugal,1,1,FIFA World Cup,Saransk,Russia,True,D,0,True,True,2018,Group stage
2018-06-26,Australia,Peru,0,2,FIFA World Cup,Sochi,Russia,True,L,-2,True,True,2018,Group stage
2018-06-26,Denmark,France,0,0,FIFA World Cup,Moscow,Russia,True,D,0,True,True,2018,Group stage
2018-06-26,Nigeria,Argentina,1,2,FIFA World Cup,Saint Petersburg,Russia,True,L,-1,True,True,2018,Group stage
2018-06-26,Iceland,Croatia,1,2,FIFA World Cup,Rostov-on-Don,Russia,True,L,-1,True,True,2018,Group stage
2018-06-27,South Korea,Germany,2,0,FIFA World Cup,Kazan,Russia,True,W,2,True,True,2018,Group stage
2018-06-27,Mexico,Sweden,0,3,FIFA World Cup,Ekaterinburg,Russia,True,L,-3,True,True,2018,Group stage
2018-06-27,Serbia,Brazil,0,2,FIFA World Cup,Moscow,Russia,True,L,-2,True,True,2018,Group stage
2018-06-27,Switzerland,Costa Rica,2,2,FIFA World Cup,Nizhny Novgorod,Russia,True,D,0,True,True,2018,Group stage
2018-06-28,England,Belgium,0,1,FIFA World Cup,Kaliningrad,Russia,True,L,-1,True,True,2018,Group stage
2018-06-28,Panama,Tunisia,1,2,FIFA World Cup,Saransk,Russia,True,L,-1,True,True,2018,Group stage
2018-06-28,Japan,Poland,0,1,FIFA World Cup,Volgograd,Russia,True,L,-1,True,True,2018,Group stage
2018-06-28,Senegal,Colombia,0,1,FIFA World Cup,Samara,Russia,True,L,-1,True,True,2018,Group stage
2018-06-30,France,Argentina,4,3,FIFA World Cup,Kazan,Russia,True,W,1,True,True,2018,Group stage
2018-06-30,Uruguay,Portugal,2,1,FIFA World Cup,Sochi,Russia,True,W,1,True,True,2018,Group stage
2018-07-01,Russia,Spain,1,1,FIFA World Cup,Moscow,Russia,False,D,0,True,True,2018,Group stage
2018-07-01,Croatia,Denmark,1,1,FIFA World Cup,Nizhny Novgorod,Russia,True,D,0,True,True,2018,Group stage
2018-07-02,Brazil,Mexico,2,0,FIFA World Cup,Samara,Russia,True,W,2,True,True,2018,Group stage
2018-07-02,Belgium,Japan,3,2,FIFA World Cup,Rostov-on-Don,Russia,True,W,1,True,True,2018,Group stage
2018-07-03,Sweden,Switzerland,1,0,FIFA World Cup,Saint Petersburg,Russia,True,W,1,True,True,2018,Group stage
2018-07-03,Colombia,England,1,1,FIFA World Cup,Moscow,Russia,True,D,0,True,True,2018,Group stage
2018-07-06,Brazil,Belgium,1,2,FIFA World Cup,Kazan,Russia,True,L,-1,True,True,2018,Group stage
2018-07-06,Uruguay,France,0,2,FIFA World Cup,Nizhny Novgorod,Russia,True,L,-2,True,True,2018,Group stage
2018-07-07,Russia,Croatia,2,2,FIFA World Cup,Sochi,Russia,False,D,0,True,True,2018,Group stage
2018-07-07,Sweden,England,0,2,FIFA World Cup,Samara,Russia,True,L,-2,True,True,2018,Group stage
2018-07-10,France,Belgium,1,0,FIFA World Cup,Saint Petersburg,Russia,True,W,1,True,True,2018,Group stage
2018-07-11,Croatia,England,2,1,FIFA World Cup,Moscow,Russia,True,W,1,True,True,2018,Group stage
2018-07-14,Belgium,England,2,0,FIFA World Cup,Saint Petersburg,Russia,True,W,2,True,True,2018,Group stage
2018-07-15,France,Croatia,4,2,FIFA World Cup,Moscow,Russia,True,W,2,True,True,2018,Group stage
2022-11-20,Qatar,Ecuador,0,2,FIFA World Cup,Al Khor,Qatar,False,L,-2,True,True,2022,Group stage
2022-11-21,Senegal,Netherlands,0,2,FIFA World Cup,Doha,Qatar,True,L,-2,True,True,2022,Group stage
2022-11-21,England,Iran,6,2,FIFA World Cup,Al Rayyan,Qatar,True,W,4,True,True,2022,Group stage
2022-11-21,United States,Wales,1,1,FIFA World Cup,Al Rayyan,Qatar,True,D,0,True,True,2022,Group stage
2022-11-22,Argentina,Saudi Arabia,1,2,FIFA World Cup,Lusail,Qatar,True,L,-1,True,True,2022,Group stage
2022-11-22,Mexico,Poland,0,0,FIFA World Cup,Doha,Qatar,True,D,0,True,True,2022,Group stage
2022-11-22,Denmark,Tunisia,0,0,FIFA World Cup,Al Rayyan,Qatar,True,D,0,True,True,2022,Group stage
2022-11-22,France,Australia,4,1,FIFA World Cup,Al Wakrah,Qatar,True,W,3,True,True,2022,Group stage
2022-11-23,Belgium,Canada,1,0,FIFA World Cup,Al Rayyan,Qatar,True,W,1,True,True,2022,Group stage
2022-11-23,Morocco,Croatia,0,0,FIFA World Cup,Al Khor,Qatar,True,D,0,True,True,2022,Group stage
2022-11-23,Germany,Japan,1,2,FIFA World Cup,Al Rayyan,Qatar,True,L,-1,True,True,2022,Group stage
2022-11-23,Spain,Costa Rica,7,0,FIFA World Cup,Doha,Qatar,True,W,7,True,True,2022,Group stage
2022-11-24,Switzerland,Cameroon,1,0,FIFA World Cup,Al Wakrah,Qatar,True,W,1,True,True,2022,Group stage
2022-11-24,Brazil,Serbia,2,0,FIFA World Cup,Lusail,Qatar,True,W,2,True,True,2022,Group stage
2022-11-24,Uruguay,South Korea,0,0,FIFA World Cup,Al Rayyan,Qatar,True,D,0,True,True,2022,Group stage
2022-11-24,Portugal,Ghana,3,2,FIFA World Cup,Doha,Qatar,True,W,1,True,True,2022,Group stage
2022-11-25,Qatar,Senegal,1,3,FIFA World Cup,Doha,Qatar,False,L,-2,True,True,2022,Group stage
2022-11-25,Netherlands,Ecuador,1,1,FIFA World Cup,Al Rayyan,Qatar,True,D,0,True,True,2022,Group stage
2022-11-25,Wales,Iran,0,2,FIFA World Cup,Al Rayyan,Qatar,True,L,-2,True,True,2022,Group stage
2022-11-25,England,United States,0,0,FIFA World Cup,Al Khor,Qatar,True,D,0,True,True,2022,Group stage
2022-11-26,France,Denmark,2,1,FIFA World Cup,Doha,Qatar,True,W,1,True,True,2022,Group stage
2022-11-26,Poland,Saudi Arabia,2,0,FIFA World Cup,Al Rayyan,Qatar,True,W,2,True,True,2022,Group stage
2022-11-26,Argentina,Mexico,2,0,FIFA World Cup,Lusail,Qatar,True,W,2,True,True,2022,Group stage
2022-11-26,Tunisia,Australia,0,1,FIFA World Cup,Al Wakrah,Qatar,True,L,-1,True,True,2022,Group stage
2022-11-27,Croatia,Canada,4,1,FIFA World Cup,Al Rayyan,Qatar,True,W,3,True,True,2022,Group stage
2022-11-27,Belgium,Morocco,0,2,FIFA World Cup,Doha,Qatar,True,L,-2,True,True,2022,Group stage
2022-11-27,Spain,Germany,1,1,FIFA World Cup,Al Khor,Qatar,True,D,0,True,True,2022,Group stage
2022-11-27,Japan,Costa Rica,0,1,FIFA World Cup,Al Rayyan,Qatar,True,L,-1,True,True,2022,Group stage
2022-11-28,Cameroon,Serbia,3,3,FIFA World Cup,Al Wakrah,Qatar,True,D,0,True,True,2022,Group stage
2022-11-28,Brazil,Switzerland,1,0,FIFA World Cup,Doha,Qatar,True,W,1,True,True,2022,Group stage
2022-11-28,South Korea,Ghana,2,3,FIFA World Cup,Al Rayyan,Qatar,True,L,-1,True,True,2022,Group stage
2022-11-28,Portugal,Uruguay,2,0,FIFA World Cup,Lusail,Qatar,True,W,2,True,True,2022,Group stage
2022-11-29,Iran,United States,0,1,FIFA World Cup,Doha,Qatar,True,L,-1,True,True,2022,Group stage
2022-11-29,Ecuador,Senegal,1,2,FIFA World Cup,Al Rayyan,Qatar,True,L,-1,True,True,2022,Group stage
2022-11-29,Qatar,Netherlands,0,2,FIFA World Cup,Al Khor,Qatar,False,L,-2,True,True,2022,Group stage
2022-11-29,Wales,England,0,3,FIFA World Cup,Al Rayyan,Qatar,True,L,-3,True,True,2022,Group stage
2022-11-30,Australia,Denmark,1,0,FIFA World Cup,Al Wakrah,Qatar,True,W,1,True,True,2022,Group stage
2022-11-30,Tunisia,France,1,0,FIFA World Cup,Al Rayyan,Qatar,True,W,1,True,True,2022,Group stage
2022-11-30,Poland,Argentina,0,2,FIFA World Cup,Doha,Qatar,True,L,-2,True,True,2022,Group stage
2022-11-30,Saudi Arabia,Mexico,1,2,FIFA World Cup,Lusail,Qatar,True,L,-1,True,True,2022,Group stage
2022-12-01,Croatia,Belgium,0,0,FIFA World Cup,Al Rayyan,Qatar,True,D,0,True,True,2022,Group stage
2022-12-01,Canada,Morocco,1,2,FIFA World Cup,Doha,Qatar,True,L,-1,True,True,2022,Group stage
2022-12-01,Japan,Spain,2,1,FIFA World Cup,Al Rayyan,Qatar,True,W,1,True,True,2022,Group stage
2022-12-01,Costa Rica,Germany,2,4,FIFA World Cup,Al Khor,Qatar,True,L,-2,True,True,2022,Group stage
2022-12-02,South Korea,Portugal,2,1,FIFA World Cup,Al Rayyan,Qatar,True,W,1,True,True,2022,Group stage
2022-12-02,Ghana,Uruguay,0,2,FIFA World Cup,Al Wakrah,Qatar,True,L,-2,True,True,2022,Group stage
2022-12-02,Cameroon,Brazil,1,0,FIFA World Cup,Lusail,Qatar,True,W,1,True,True,2022,Group stage
2022-12-02,Serbia,Switzerland,2,3,FIFA World Cup,Doha,Qatar,True,L,-1,True,True,2022,Group stage
2022-12-03,Netherlands,United States,3,1,FIFA World Cup,Al Rayyan,Qatar,True,W,2,True,True,2022,Group stage
2022-12-03,Argentina,Australia,2,1,FIFA World Cup,Al Rayyan,Qatar,True,W,1,True,True,2022,Group stage
2022-12-04,France,Poland,3,1,FIFA World Cup,Doha,Qatar,True,W,2,True,True,2022,Group stage
2022-12-04,England,Senegal,3,0,FIFA World Cup,Al Khor,Qatar,True,W,3,True,True,2022,Group stage
2022-12-05,Japan,Croatia,1,1,FIFA World Cup,Al Wakrah,Qatar,True,D,0,True,True,2022,Group stage
2022-12-05,Brazil,South Korea,4,1,FIFA World Cup,Doha,Qatar,True,W,3,True,True,2022,Group stage
2022-12-06,Morocco,Spain,0,0,FIFA World Cup,Al Rayyan,Qatar,True,D,0,True,True,2022,Group stage
2022-12-06,Portugal,Switzerland,6,1,FIFA World Cup,Lusail,Qatar,True,W,5,True,True,2022,Group stage
2022-12-09,Netherlands,Argentina,2,2,FIFA World Cup,Lusail,Qatar,True,D,0,True,True,2022,Group stage
2022-12-09,Croatia,Brazil,1,1,FIFA World Cup,Al Rayyan,Qatar,True,D,0,True,True,2022,Group stage
2022-12-10,Morocco,Portugal,1,0,FIFA World Cup,Doha,Qatar,True,W,1,True,True,2022,Group stage
2022-12-10,England,France,1,2,FIFA World Cup,Al Khor,Qatar,True,L,-1,True,True,2022,Group stage
2022-12-13,Argentina,Croatia,3,0,FIFA World Cup,Lusail,Qatar,True,W,3,True,True,2022,Group stage
2022-12-14,France,Morocco,2,0,FIFA World Cup,Al Khor,Qatar,True,W,2,True,True,2022,Group stage
2022-12-17,Croatia,Morocco,2,1,FIFA World Cup,Al Rayyan,Qatar,True,W,1,True,True,2022,Group stage
2022-12-18,Argentina,France,3,3,FIFA World Cup,Lusail,Qatar,True,D,0,True,True,2022,Group stage
